<?xml version="1.0" encoding="UTF-8"?>
<ruleset name="SureCart">
	<description>Plugin Coding Standard</description>

	<!-- Check all PHP files in directory tree by default. -->
	<file>.</file>

	<!-- Arguments - extension, parallel, colors, show porgress, Show sniff codes in all reports -->
	<arg name="extensions" value="php"/>
	<arg name="parallel" value="20"/>
	<arg name="colors"/>
	<arg value="sp"/>
	<arg value="s"/>

	<!-- Exclude pattern -->
	<exclude-pattern>dist</exclude-pattern>
	<exclude-pattern>node_modules</exclude-pattern>
	<exclude-pattern>resources</exclude-pattern>
	<exclude-pattern>vendor</exclude-pattern>

	<rule ref="Generic.CodeAnalysis.UnusedFunctionParameter" />
	<rule ref="Generic.Commenting.Todo" />
	<rule ref="Squiz.WhiteSpace.SuperfluousWhitespace" />

	<rule ref="WordPress.WP.I18n">
		<properties>
			<property name="text_domain" type="string" value="surecart" />
		</properties>
	</rule>

	<rule ref="WordPress-Extra" />
	<rule ref="WordPress-Docs" />
	<rule ref="WordPress-Core">
		<!-- Exclude rules -->
		<exclude name="WordPress.Files.FileName.NotHyphenatedLowercase" />
		<exclude name="Squiz.Commenting.FileComment" />
		<exclude name="WordPress.Files.FileName.InvalidClassFileName" />
		<exclude name="WordPress.NamingConventions.ValidFunctionName.MethodNameInvalid" />
		<exclude name="Squiz.PHP.CommentedOutCode.Found" />
		<exclude name="Squiz.Commenting.FunctionComment.Missing" />
		<exclude name="Squiz.Commenting.FunctionComment.MissingParamTag" />
		<exclude name="Generic.Commenting.DocComment.MissingShort" />
		<exclude name="Squiz.Commenting.FunctionComment.Missing" />
		<exclude name="Squiz.Commenting.VariableComment.Missing" />
		<exclude name="Squiz.Commenting.ClassComment.Missing" />
	</rule>
</ruleset>
